/*
Navicat MySQL Data Transfer

Source Server         : my_dev
Source Server Version : 50633
Source Host           : localhost:3306
Source Database       : vblog

Target Server Type    : MYSQL
Target Server Version : 50633
File Encoding         : 65001

Date: 2018-07-06 18:55:14
*/

SET FOREIGN_KEY_CHECKS=0;

-- ----------------------------
-- Table structure for qrtz_blob_triggers
-- ----------------------------
DROP TABLE IF EXISTS `qrtz_blob_triggers`;
CREATE TABLE `qrtz_blob_triggers` (
  `SCHED_NAME` varchar(120) NOT NULL,
  `TRIGGER_NAME` varchar(200) NOT NULL,
  `TRIGGER_GROUP` varchar(200) NOT NULL,
  `BLOB_DATA` blob,
  PRIMARY KEY (`SCHED_NAME`,`TRIGGER_NAME`,`TRIGGER_GROUP`),
  KEY `SCHED_NAME` (`SCHED_NAME`,`TRIGGER_NAME`,`TRIGGER_GROUP`),
  CONSTRAINT `qrtz_blob_triggers_ibfk_1` FOREIGN KEY (`SCHED_NAME`, `TRIGGER_NAME`, `TRIGGER_GROUP`) REFERENCES `qrtz_triggers` (`SCHED_NAME`, `TRIGGER_NAME`, `TRIGGER_GROUP`)
) ENGINE=InnoDB DEFAULT CHARSET=utf8;

-- ----------------------------
-- Records of qrtz_blob_triggers
-- ----------------------------

-- ----------------------------
-- Table structure for qrtz_calendars
-- ----------------------------
DROP TABLE IF EXISTS `qrtz_calendars`;
CREATE TABLE `qrtz_calendars` (
  `SCHED_NAME` varchar(120) NOT NULL,
  `CALENDAR_NAME` varchar(200) NOT NULL,
  `CALENDAR` blob NOT NULL,
  PRIMARY KEY (`SCHED_NAME`,`CALENDAR_NAME`)
) ENGINE=InnoDB DEFAULT CHARSET=utf8;

-- ----------------------------
-- Records of qrtz_calendars
-- ----------------------------

-- ----------------------------
-- Table structure for qrtz_cron_triggers
-- ----------------------------
DROP TABLE IF EXISTS `qrtz_cron_triggers`;
CREATE TABLE `qrtz_cron_triggers` (
  `SCHED_NAME` varchar(120) NOT NULL,
  `TRIGGER_NAME` varchar(200) NOT NULL,
  `TRIGGER_GROUP` varchar(200) NOT NULL,
  `CRON_EXPRESSION` varchar(120) NOT NULL,
  `TIME_ZONE_ID` varchar(80) DEFAULT NULL,
  PRIMARY KEY (`SCHED_NAME`,`TRIGGER_NAME`,`TRIGGER_GROUP`),
  CONSTRAINT `qrtz_cron_triggers_ibfk_1` FOREIGN KEY (`SCHED_NAME`, `TRIGGER_NAME`, `TRIGGER_GROUP`) REFERENCES `qrtz_triggers` (`SCHED_NAME`, `TRIGGER_NAME`, `TRIGGER_GROUP`)
) ENGINE=InnoDB DEFAULT CHARSET=utf8;

-- ----------------------------
-- Records of qrtz_cron_triggers
-- ----------------------------
INSERT INTO `qrtz_cron_triggers` VALUES ('BlogFastScheduler', 'TASK_1', 'DEFAULT', '0 0/30 * * * ?', 'Asia/Shanghai');
INSERT INTO `qrtz_cron_triggers` VALUES ('BlogFastScheduler', 'TASK_2', 'DEFAULT', '0 0/30 * * * ?', 'Asia/Shanghai');
INSERT INTO `qrtz_cron_triggers` VALUES ('RenrenScheduler', 'TASK_1', 'DEFAULT', '0 0/30 * * * ?', 'Asia/Shanghai');
INSERT INTO `qrtz_cron_triggers` VALUES ('RenrenScheduler', 'TASK_2', 'DEFAULT', '0 0/30 * * * ?', 'Asia/Shanghai');

-- ----------------------------
-- Table structure for qrtz_fired_triggers
-- ----------------------------
DROP TABLE IF EXISTS `qrtz_fired_triggers`;
CREATE TABLE `qrtz_fired_triggers` (
  `SCHED_NAME` varchar(120) NOT NULL,
  `ENTRY_ID` varchar(95) NOT NULL,
  `TRIGGER_NAME` varchar(200) NOT NULL,
  `TRIGGER_GROUP` varchar(200) NOT NULL,
  `INSTANCE_NAME` varchar(200) NOT NULL,
  `FIRED_TIME` bigint(13) NOT NULL,
  `SCHED_TIME` bigint(13) NOT NULL,
  `PRIORITY` int(11) NOT NULL,
  `STATE` varchar(16) NOT NULL,
  `JOB_NAME` varchar(200) DEFAULT NULL,
  `JOB_GROUP` varchar(200) DEFAULT NULL,
  `IS_NONCONCURRENT` varchar(1) DEFAULT NULL,
  `REQUESTS_RECOVERY` varchar(1) DEFAULT NULL,
  PRIMARY KEY (`SCHED_NAME`,`ENTRY_ID`),
  KEY `IDX_QRTZ_FT_TRIG_INST_NAME` (`SCHED_NAME`,`INSTANCE_NAME`),
  KEY `IDX_QRTZ_FT_INST_JOB_REQ_RCVRY` (`SCHED_NAME`,`INSTANCE_NAME`,`REQUESTS_RECOVERY`),
  KEY `IDX_QRTZ_FT_J_G` (`SCHED_NAME`,`JOB_NAME`,`JOB_GROUP`),
  KEY `IDX_QRTZ_FT_JG` (`SCHED_NAME`,`JOB_GROUP`),
  KEY `IDX_QRTZ_FT_T_G` (`SCHED_NAME`,`TRIGGER_NAME`,`TRIGGER_GROUP`),
  KEY `IDX_QRTZ_FT_TG` (`SCHED_NAME`,`TRIGGER_GROUP`)
) ENGINE=InnoDB DEFAULT CHARSET=utf8;

-- ----------------------------
-- Records of qrtz_fired_triggers
-- ----------------------------

-- ----------------------------
-- Table structure for qrtz_job_details
-- ----------------------------
DROP TABLE IF EXISTS `qrtz_job_details`;
CREATE TABLE `qrtz_job_details` (
  `SCHED_NAME` varchar(120) NOT NULL,
  `JOB_NAME` varchar(200) NOT NULL,
  `JOB_GROUP` varchar(200) NOT NULL,
  `DESCRIPTION` varchar(250) DEFAULT NULL,
  `JOB_CLASS_NAME` varchar(250) NOT NULL,
  `IS_DURABLE` varchar(1) NOT NULL,
  `IS_NONCONCURRENT` varchar(1) NOT NULL,
  `IS_UPDATE_DATA` varchar(1) NOT NULL,
  `REQUESTS_RECOVERY` varchar(1) NOT NULL,
  `JOB_DATA` blob,
  PRIMARY KEY (`SCHED_NAME`,`JOB_NAME`,`JOB_GROUP`),
  KEY `IDX_QRTZ_J_REQ_RECOVERY` (`SCHED_NAME`,`REQUESTS_RECOVERY`),
  KEY `IDX_QRTZ_J_GRP` (`SCHED_NAME`,`JOB_GROUP`)
) ENGINE=InnoDB DEFAULT CHARSET=utf8;

-- ----------------------------
-- Records of qrtz_job_details
-- ----------------------------
INSERT INTO `qrtz_job_details` VALUES ('BlogFastScheduler', 'TASK_1', 'DEFAULT', null, 'com.seu.job.utils.ScheduleJob', '0', '0', '0', '0', 0xACED0005737200156F72672E71756172747A2E4A6F62446174614D61709FB083E8BFA9B0CB020000787200266F72672E71756172747A2E7574696C732E537472696E674B65794469727479466C61674D61708208E8C3FBC55D280200015A0013616C6C6F77735472616E7369656E74446174617872001D6F72672E71756172747A2E7574696C732E4469727479466C61674D617013E62EAD28760ACE0200025A000564697274794C00036D617074000F4C6A6176612F7574696C2F4D61703B787001737200116A6176612E7574696C2E486173684D61700507DAC1C31660D103000246000A6C6F6164466163746F724900097468726573686F6C6478703F4000000000000C7708000000100000000174000D4A4F425F504152414D5F4B455973720024636F6D2E7365752E6A6F622E656E746974792E5363686564756C654A6F62456E7469747900000000000000010200084C00086265616E4E616D657400124C6A6176612F6C616E672F537472696E673B4C000A63726561746554696D657400104C6A6176612F7574696C2F446174653B4C000E63726F6E45787072657373696F6E71007E00094C00056A6F6249647400104C6A6176612F6C616E672F4C6F6E673B4C000A6D6574686F644E616D6571007E00094C0006706172616D7371007E00094C000672656D61726B71007E00094C00067374617475737400134C6A6176612F6C616E672F496E74656765723B7870740008746573745461736B7372000E6A6176612E7574696C2E44617465686A81014B5974190300007870770800000158BAF593307874000E3020302F3330202A202A202A203F7372000E6A6176612E6C616E672E4C6F6E673B8BE490CC8F23DF0200014A000576616C7565787200106A6176612E6C616E672E4E756D62657286AC951D0B94E08B020000787000000000000000017400047465737474000672656E72656E74000FE69C89E58F82E695B0E6B58BE8AF95737200116A6176612E6C616E672E496E746567657212E2A0A4F781873802000149000576616C75657871007E0013000000007800);
INSERT INTO `qrtz_job_details` VALUES ('BlogFastScheduler', 'TASK_2', 'DEFAULT', null, 'com.seu.job.utils.ScheduleJob', '0', '0', '0', '0', 0xACED0005737200156F72672E71756172747A2E4A6F62446174614D61709FB083E8BFA9B0CB020000787200266F72672E71756172747A2E7574696C732E537472696E674B65794469727479466C61674D61708208E8C3FBC55D280200015A0013616C6C6F77735472616E7369656E74446174617872001D6F72672E71756172747A2E7574696C732E4469727479466C61674D617013E62EAD28760ACE0200025A000564697274794C00036D617074000F4C6A6176612F7574696C2F4D61703B787001737200116A6176612E7574696C2E486173684D61700507DAC1C31660D103000246000A6C6F6164466163746F724900097468726573686F6C6478703F4000000000000C7708000000100000000174000D4A4F425F504152414D5F4B455973720024636F6D2E7365752E6A6F622E656E746974792E5363686564756C654A6F62456E7469747900000000000000010200084C00086265616E4E616D657400124C6A6176612F6C616E672F537472696E673B4C000A63726561746554696D657400104C6A6176612F7574696C2F446174653B4C000E63726F6E45787072657373696F6E71007E00094C00056A6F6249647400104C6A6176612F6C616E672F4C6F6E673B4C000A6D6574686F644E616D6571007E00094C0006706172616D7371007E00094C000672656D61726B71007E00094C00067374617475737400134C6A6176612F6C616E672F496E74656765723B7870740008746573745461736B7372000E6A6176612E7574696C2E44617465686A81014B5974190300007870770800000158C377C4607874000E3020302F3330202A202A202A203F7372000E6A6176612E6C616E672E4C6F6E673B8BE490CC8F23DF0200014A000576616C7565787200106A6176612E6C616E672E4E756D62657286AC951D0B94E08B0200007870000000000000000274000574657374327074000FE697A0E58F82E695B0E6B58BE8AF95737200116A6176612E6C616E672E496E746567657212E2A0A4F781873802000149000576616C75657871007E0013000000017800);
INSERT INTO `qrtz_job_details` VALUES ('RenrenScheduler', 'TASK_1', 'DEFAULT', null, 'io.renren.modules.job.utils.ScheduleJob', '0', '0', '0', '0', 0xACED0005737200156F72672E71756172747A2E4A6F62446174614D61709FB083E8BFA9B0CB020000787200266F72672E71756172747A2E7574696C732E537472696E674B65794469727479466C61674D61708208E8C3FBC55D280200015A0013616C6C6F77735472616E7369656E74446174617872001D6F72672E71756172747A2E7574696C732E4469727479466C61674D617013E62EAD28760ACE0200025A000564697274794C00036D617074000F4C6A6176612F7574696C2F4D61703B787001737200116A6176612E7574696C2E486173684D61700507DAC1C31660D103000246000A6C6F6164466163746F724900097468726573686F6C6478703F4000000000000C7708000000100000000174000D4A4F425F504152414D5F4B45597372002E696F2E72656E72656E2E6D6F64756C65732E6A6F622E656E746974792E5363686564756C654A6F62456E7469747900000000000000010200084C00086265616E4E616D657400124C6A6176612F6C616E672F537472696E673B4C000A63726561746554696D657400104C6A6176612F7574696C2F446174653B4C000E63726F6E45787072657373696F6E71007E00094C00056A6F6249647400104C6A6176612F6C616E672F4C6F6E673B4C000A6D6574686F644E616D6571007E00094C0006706172616D7371007E00094C000672656D61726B71007E00094C00067374617475737400134C6A6176612F6C616E672F496E74656765723B7870740008746573745461736B7372000E6A6176612E7574696C2E44617465686A81014B5974190300007870770800000158BAF593307874000E3020302F3330202A202A202A203F7372000E6A6176612E6C616E672E4C6F6E673B8BE490CC8F23DF0200014A000576616C7565787200106A6176612E6C616E672E4E756D62657286AC951D0B94E08B020000787000000000000000017400047465737474000672656E72656E74000FE69C89E58F82E695B0E6B58BE8AF95737200116A6176612E6C616E672E496E746567657212E2A0A4F781873802000149000576616C75657871007E0013000000007800);
INSERT INTO `qrtz_job_details` VALUES ('RenrenScheduler', 'TASK_2', 'DEFAULT', null, 'io.renren.modules.job.utils.ScheduleJob', '0', '0', '0', '0', 0xACED0005737200156F72672E71756172747A2E4A6F62446174614D61709FB083E8BFA9B0CB020000787200266F72672E71756172747A2E7574696C732E537472696E674B65794469727479466C61674D61708208E8C3FBC55D280200015A0013616C6C6F77735472616E7369656E74446174617872001D6F72672E71756172747A2E7574696C732E4469727479466C61674D617013E62EAD28760ACE0200025A000564697274794C00036D617074000F4C6A6176612F7574696C2F4D61703B787001737200116A6176612E7574696C2E486173684D61700507DAC1C31660D103000246000A6C6F6164466163746F724900097468726573686F6C6478703F4000000000000C7708000000100000000174000D4A4F425F504152414D5F4B45597372002E696F2E72656E72656E2E6D6F64756C65732E6A6F622E656E746974792E5363686564756C654A6F62456E7469747900000000000000010200084C00086265616E4E616D657400124C6A6176612F6C616E672F537472696E673B4C000A63726561746554696D657400104C6A6176612F7574696C2F446174653B4C000E63726F6E45787072657373696F6E71007E00094C00056A6F6249647400104C6A6176612F6C616E672F4C6F6E673B4C000A6D6574686F644E616D6571007E00094C0006706172616D7371007E00094C000672656D61726B71007E00094C00067374617475737400134C6A6176612F6C616E672F496E74656765723B7870740008746573745461736B7372000E6A6176612E7574696C2E44617465686A81014B5974190300007870770800000158C377C4607874000E3020302F3330202A202A202A203F7372000E6A6176612E6C616E672E4C6F6E673B8BE490CC8F23DF0200014A000576616C7565787200106A6176612E6C616E672E4E756D62657286AC951D0B94E08B0200007870000000000000000274000574657374327074000FE697A0E58F82E695B0E6B58BE8AF95737200116A6176612E6C616E672E496E746567657212E2A0A4F781873802000149000576616C75657871007E0013000000017800);

-- ----------------------------
-- Table structure for qrtz_locks
-- ----------------------------
DROP TABLE IF EXISTS `qrtz_locks`;
CREATE TABLE `qrtz_locks` (
  `SCHED_NAME` varchar(120) NOT NULL,
  `LOCK_NAME` varchar(40) NOT NULL,
  PRIMARY KEY (`SCHED_NAME`,`LOCK_NAME`)
) ENGINE=InnoDB DEFAULT CHARSET=utf8;

-- ----------------------------
-- Records of qrtz_locks
-- ----------------------------
INSERT INTO `qrtz_locks` VALUES ('RenrenScheduler', 'STATE_ACCESS');
INSERT INTO `qrtz_locks` VALUES ('RenrenScheduler', 'TRIGGER_ACCESS');

-- ----------------------------
-- Table structure for qrtz_paused_trigger_grps
-- ----------------------------
DROP TABLE IF EXISTS `qrtz_paused_trigger_grps`;
CREATE TABLE `qrtz_paused_trigger_grps` (
  `SCHED_NAME` varchar(120) NOT NULL,
  `TRIGGER_GROUP` varchar(200) NOT NULL,
  PRIMARY KEY (`SCHED_NAME`,`TRIGGER_GROUP`)
) ENGINE=InnoDB DEFAULT CHARSET=utf8;

-- ----------------------------
-- Records of qrtz_paused_trigger_grps
-- ----------------------------

-- ----------------------------
-- Table structure for qrtz_scheduler_state
-- ----------------------------
DROP TABLE IF EXISTS `qrtz_scheduler_state`;
CREATE TABLE `qrtz_scheduler_state` (
  `SCHED_NAME` varchar(120) NOT NULL,
  `INSTANCE_NAME` varchar(200) NOT NULL,
  `LAST_CHECKIN_TIME` bigint(13) NOT NULL,
  `CHECKIN_INTERVAL` bigint(13) NOT NULL,
  PRIMARY KEY (`SCHED_NAME`,`INSTANCE_NAME`)
) ENGINE=InnoDB DEFAULT CHARSET=utf8;

-- ----------------------------
-- Records of qrtz_scheduler_state
-- ----------------------------
INSERT INTO `qrtz_scheduler_state` VALUES ('BlogFastScheduler', 'PC-20160804OYTV1530869195178', '1530873758383', '15000');
INSERT INTO `qrtz_scheduler_state` VALUES ('RenrenScheduler', 'PC-20160804OYTV1530268983309', '1530495227853', '15000');

-- ----------------------------
-- Table structure for qrtz_simple_triggers
-- ----------------------------
DROP TABLE IF EXISTS `qrtz_simple_triggers`;
CREATE TABLE `qrtz_simple_triggers` (
  `SCHED_NAME` varchar(120) NOT NULL,
  `TRIGGER_NAME` varchar(200) NOT NULL,
  `TRIGGER_GROUP` varchar(200) NOT NULL,
  `REPEAT_COUNT` bigint(7) NOT NULL,
  `REPEAT_INTERVAL` bigint(12) NOT NULL,
  `TIMES_TRIGGERED` bigint(10) NOT NULL,
  PRIMARY KEY (`SCHED_NAME`,`TRIGGER_NAME`,`TRIGGER_GROUP`),
  CONSTRAINT `qrtz_simple_triggers_ibfk_1` FOREIGN KEY (`SCHED_NAME`, `TRIGGER_NAME`, `TRIGGER_GROUP`) REFERENCES `qrtz_triggers` (`SCHED_NAME`, `TRIGGER_NAME`, `TRIGGER_GROUP`)
) ENGINE=InnoDB DEFAULT CHARSET=utf8;

-- ----------------------------
-- Records of qrtz_simple_triggers
-- ----------------------------

-- ----------------------------
-- Table structure for qrtz_simprop_triggers
-- ----------------------------
DROP TABLE IF EXISTS `qrtz_simprop_triggers`;
CREATE TABLE `qrtz_simprop_triggers` (
  `SCHED_NAME` varchar(120) NOT NULL,
  `TRIGGER_NAME` varchar(200) NOT NULL,
  `TRIGGER_GROUP` varchar(200) NOT NULL,
  `STR_PROP_1` varchar(512) DEFAULT NULL,
  `STR_PROP_2` varchar(512) DEFAULT NULL,
  `STR_PROP_3` varchar(512) DEFAULT NULL,
  `INT_PROP_1` int(11) DEFAULT NULL,
  `INT_PROP_2` int(11) DEFAULT NULL,
  `LONG_PROP_1` bigint(20) DEFAULT NULL,
  `LONG_PROP_2` bigint(20) DEFAULT NULL,
  `DEC_PROP_1` decimal(13,4) DEFAULT NULL,
  `DEC_PROP_2` decimal(13,4) DEFAULT NULL,
  `BOOL_PROP_1` varchar(1) DEFAULT NULL,
  `BOOL_PROP_2` varchar(1) DEFAULT NULL,
  PRIMARY KEY (`SCHED_NAME`,`TRIGGER_NAME`,`TRIGGER_GROUP`),
  CONSTRAINT `qrtz_simprop_triggers_ibfk_1` FOREIGN KEY (`SCHED_NAME`, `TRIGGER_NAME`, `TRIGGER_GROUP`) REFERENCES `qrtz_triggers` (`SCHED_NAME`, `TRIGGER_NAME`, `TRIGGER_GROUP`)
) ENGINE=InnoDB DEFAULT CHARSET=utf8;

-- ----------------------------
-- Records of qrtz_simprop_triggers
-- ----------------------------

-- ----------------------------
-- Table structure for qrtz_triggers
-- ----------------------------
DROP TABLE IF EXISTS `qrtz_triggers`;
CREATE TABLE `qrtz_triggers` (
  `SCHED_NAME` varchar(120) NOT NULL,
  `TRIGGER_NAME` varchar(200) NOT NULL,
  `TRIGGER_GROUP` varchar(200) NOT NULL,
  `JOB_NAME` varchar(200) NOT NULL,
  `JOB_GROUP` varchar(200) NOT NULL,
  `DESCRIPTION` varchar(250) DEFAULT NULL,
  `NEXT_FIRE_TIME` bigint(13) DEFAULT NULL,
  `PREV_FIRE_TIME` bigint(13) DEFAULT NULL,
  `PRIORITY` int(11) DEFAULT NULL,
  `TRIGGER_STATE` varchar(16) NOT NULL,
  `TRIGGER_TYPE` varchar(8) NOT NULL,
  `START_TIME` bigint(13) NOT NULL,
  `END_TIME` bigint(13) DEFAULT NULL,
  `CALENDAR_NAME` varchar(200) DEFAULT NULL,
  `MISFIRE_INSTR` smallint(2) DEFAULT NULL,
  `JOB_DATA` blob,
  PRIMARY KEY (`SCHED_NAME`,`TRIGGER_NAME`,`TRIGGER_GROUP`),
  KEY `IDX_QRTZ_T_J` (`SCHED_NAME`,`JOB_NAME`,`JOB_GROUP`),
  KEY `IDX_QRTZ_T_JG` (`SCHED_NAME`,`JOB_GROUP`),
  KEY `IDX_QRTZ_T_C` (`SCHED_NAME`,`CALENDAR_NAME`),
  KEY `IDX_QRTZ_T_G` (`SCHED_NAME`,`TRIGGER_GROUP`),
  KEY `IDX_QRTZ_T_STATE` (`SCHED_NAME`,`TRIGGER_STATE`),
  KEY `IDX_QRTZ_T_N_STATE` (`SCHED_NAME`,`TRIGGER_NAME`,`TRIGGER_GROUP`,`TRIGGER_STATE`),
  KEY `IDX_QRTZ_T_N_G_STATE` (`SCHED_NAME`,`TRIGGER_GROUP`,`TRIGGER_STATE`),
  KEY `IDX_QRTZ_T_NEXT_FIRE_TIME` (`SCHED_NAME`,`NEXT_FIRE_TIME`),
  KEY `IDX_QRTZ_T_NFT_ST` (`SCHED_NAME`,`TRIGGER_STATE`,`NEXT_FIRE_TIME`),
  KEY `IDX_QRTZ_T_NFT_MISFIRE` (`SCHED_NAME`,`MISFIRE_INSTR`,`NEXT_FIRE_TIME`),
  KEY `IDX_QRTZ_T_NFT_ST_MISFIRE` (`SCHED_NAME`,`MISFIRE_INSTR`,`NEXT_FIRE_TIME`,`TRIGGER_STATE`),
  KEY `IDX_QRTZ_T_NFT_ST_MISFIRE_GRP` (`SCHED_NAME`,`MISFIRE_INSTR`,`NEXT_FIRE_TIME`,`TRIGGER_GROUP`,`TRIGGER_STATE`),
  CONSTRAINT `qrtz_triggers_ibfk_1` FOREIGN KEY (`SCHED_NAME`, `JOB_NAME`, `JOB_GROUP`) REFERENCES `qrtz_job_details` (`SCHED_NAME`, `JOB_NAME`, `JOB_GROUP`)
) ENGINE=InnoDB DEFAULT CHARSET=utf8;

-- ----------------------------
-- Records of qrtz_triggers
-- ----------------------------
INSERT INTO `qrtz_triggers` VALUES ('BlogFastScheduler', 'TASK_1', 'DEFAULT', 'TASK_1', 'DEFAULT', null, '1530874800000', '1530873000000', '5', 'WAITING', 'CRON', '1530699172000', '0', null, '2', 0xACED0005737200156F72672E71756172747A2E4A6F62446174614D61709FB083E8BFA9B0CB020000787200266F72672E71756172747A2E7574696C732E537472696E674B65794469727479466C61674D61708208E8C3FBC55D280200015A0013616C6C6F77735472616E7369656E74446174617872001D6F72672E71756172747A2E7574696C732E4469727479466C61674D617013E62EAD28760ACE0200025A000564697274794C00036D617074000F4C6A6176612F7574696C2F4D61703B787001737200116A6176612E7574696C2E486173684D61700507DAC1C31660D103000246000A6C6F6164466163746F724900097468726573686F6C6478703F4000000000000C7708000000100000000174000D4A4F425F504152414D5F4B455973720024636F6D2E7365752E6A6F622E656E746974792E5363686564756C654A6F62456E7469747900000000000000010200084C00086265616E4E616D657400124C6A6176612F6C616E672F537472696E673B4C000A63726561746554696D657400104C6A6176612F7574696C2F446174653B4C000E63726F6E45787072657373696F6E71007E00094C00056A6F6249647400104C6A6176612F6C616E672F4C6F6E673B4C000A6D6574686F644E616D6571007E00094C0006706172616D7371007E00094C000672656D61726B71007E00094C00067374617475737400134C6A6176612F6C616E672F496E74656765723B7870740008746573745461736B7372000E6A6176612E7574696C2E44617465686A81014B5974190300007870770800000158BAF593307874000E3020302F3330202A202A202A203F7372000E6A6176612E6C616E672E4C6F6E673B8BE490CC8F23DF0200014A000576616C7565787200106A6176612E6C616E672E4E756D62657286AC951D0B94E08B020000787000000000000000017400047465737474000672656E72656E74000FE69C89E58F82E695B0E6B58BE8AF95737200116A6176612E6C616E672E496E746567657212E2A0A4F781873802000149000576616C75657871007E0013000000007800);
INSERT INTO `qrtz_triggers` VALUES ('BlogFastScheduler', 'TASK_2', 'DEFAULT', 'TASK_2', 'DEFAULT', null, '1530700200000', '-1', '5', 'PAUSED', 'CRON', '1530699172000', '0', null, '2', 0xACED0005737200156F72672E71756172747A2E4A6F62446174614D61709FB083E8BFA9B0CB020000787200266F72672E71756172747A2E7574696C732E537472696E674B65794469727479466C61674D61708208E8C3FBC55D280200015A0013616C6C6F77735472616E7369656E74446174617872001D6F72672E71756172747A2E7574696C732E4469727479466C61674D617013E62EAD28760ACE0200025A000564697274794C00036D617074000F4C6A6176612F7574696C2F4D61703B787001737200116A6176612E7574696C2E486173684D61700507DAC1C31660D103000246000A6C6F6164466163746F724900097468726573686F6C6478703F4000000000000C7708000000100000000174000D4A4F425F504152414D5F4B455973720024636F6D2E7365752E6A6F622E656E746974792E5363686564756C654A6F62456E7469747900000000000000010200084C00086265616E4E616D657400124C6A6176612F6C616E672F537472696E673B4C000A63726561746554696D657400104C6A6176612F7574696C2F446174653B4C000E63726F6E45787072657373696F6E71007E00094C00056A6F6249647400104C6A6176612F6C616E672F4C6F6E673B4C000A6D6574686F644E616D6571007E00094C0006706172616D7371007E00094C000672656D61726B71007E00094C00067374617475737400134C6A6176612F6C616E672F496E74656765723B7870740008746573745461736B7372000E6A6176612E7574696C2E44617465686A81014B5974190300007870770800000158C377C4607874000E3020302F3330202A202A202A203F7372000E6A6176612E6C616E672E4C6F6E673B8BE490CC8F23DF0200014A000576616C7565787200106A6176612E6C616E672E4E756D62657286AC951D0B94E08B0200007870000000000000000274000574657374327074000FE697A0E58F82E695B0E6B58BE8AF95737200116A6176612E6C616E672E496E746567657212E2A0A4F781873802000149000576616C75657871007E0013000000017800);
INSERT INTO `qrtz_triggers` VALUES ('RenrenScheduler', 'TASK_1', 'DEFAULT', 'TASK_1', 'DEFAULT', null, '1530496800000', '1530495000000', '5', 'WAITING', 'CRON', '1529916742000', '0', null, '2', 0xACED0005737200156F72672E71756172747A2E4A6F62446174614D61709FB083E8BFA9B0CB020000787200266F72672E71756172747A2E7574696C732E537472696E674B65794469727479466C61674D61708208E8C3FBC55D280200015A0013616C6C6F77735472616E7369656E74446174617872001D6F72672E71756172747A2E7574696C732E4469727479466C61674D617013E62EAD28760ACE0200025A000564697274794C00036D617074000F4C6A6176612F7574696C2F4D61703B787001737200116A6176612E7574696C2E486173684D61700507DAC1C31660D103000246000A6C6F6164466163746F724900097468726573686F6C6478703F4000000000000C7708000000100000000174000D4A4F425F504152414D5F4B45597372002E696F2E72656E72656E2E6D6F64756C65732E6A6F622E656E746974792E5363686564756C654A6F62456E7469747900000000000000010200084C00086265616E4E616D657400124C6A6176612F6C616E672F537472696E673B4C000A63726561746554696D657400104C6A6176612F7574696C2F446174653B4C000E63726F6E45787072657373696F6E71007E00094C00056A6F6249647400104C6A6176612F6C616E672F4C6F6E673B4C000A6D6574686F644E616D6571007E00094C0006706172616D7371007E00094C000672656D61726B71007E00094C00067374617475737400134C6A6176612F6C616E672F496E74656765723B7870740008746573745461736B7372000E6A6176612E7574696C2E44617465686A81014B5974190300007870770800000158BAF593307874000E3020302F3330202A202A202A203F7372000E6A6176612E6C616E672E4C6F6E673B8BE490CC8F23DF0200014A000576616C7565787200106A6176612E6C616E672E4E756D62657286AC951D0B94E08B020000787000000000000000017400047465737474000672656E72656E74000FE69C89E58F82E695B0E6B58BE8AF95737200116A6176612E6C616E672E496E746567657212E2A0A4F781873802000149000576616C75657871007E0013000000007800);
INSERT INTO `qrtz_triggers` VALUES ('RenrenScheduler', 'TASK_2', 'DEFAULT', 'TASK_2', 'DEFAULT', null, '1529917200000', '-1', '5', 'PAUSED', 'CRON', '1529916742000', '0', null, '2', 0xACED0005737200156F72672E71756172747A2E4A6F62446174614D61709FB083E8BFA9B0CB020000787200266F72672E71756172747A2E7574696C732E537472696E674B65794469727479466C61674D61708208E8C3FBC55D280200015A0013616C6C6F77735472616E7369656E74446174617872001D6F72672E71756172747A2E7574696C732E4469727479466C61674D617013E62EAD28760ACE0200025A000564697274794C00036D617074000F4C6A6176612F7574696C2F4D61703B787001737200116A6176612E7574696C2E486173684D61700507DAC1C31660D103000246000A6C6F6164466163746F724900097468726573686F6C6478703F4000000000000C7708000000100000000174000D4A4F425F504152414D5F4B45597372002E696F2E72656E72656E2E6D6F64756C65732E6A6F622E656E746974792E5363686564756C654A6F62456E7469747900000000000000010200084C00086265616E4E616D657400124C6A6176612F6C616E672F537472696E673B4C000A63726561746554696D657400104C6A6176612F7574696C2F446174653B4C000E63726F6E45787072657373696F6E71007E00094C00056A6F6249647400104C6A6176612F6C616E672F4C6F6E673B4C000A6D6574686F644E616D6571007E00094C0006706172616D7371007E00094C000672656D61726B71007E00094C00067374617475737400134C6A6176612F6C616E672F496E74656765723B7870740008746573745461736B7372000E6A6176612E7574696C2E44617465686A81014B5974190300007870770800000158C377C4607874000E3020302F3330202A202A202A203F7372000E6A6176612E6C616E672E4C6F6E673B8BE490CC8F23DF0200014A000576616C7565787200106A6176612E6C616E672E4E756D62657286AC951D0B94E08B0200007870000000000000000274000574657374327074000FE697A0E58F82E695B0E6B58BE8AF95737200116A6176612E6C616E672E496E746567657212E2A0A4F781873802000149000576616C75657871007E0013000000017800);

-- ----------------------------
-- Table structure for schedule_job
-- ----------------------------
DROP TABLE IF EXISTS `schedule_job`;
CREATE TABLE `schedule_job` (
  `job_id` bigint(20) NOT NULL AUTO_INCREMENT COMMENT '任务id',
  `bean_name` varchar(200) DEFAULT NULL COMMENT 'spring bean名称',
  `method_name` varchar(100) DEFAULT NULL COMMENT '方法名',
  `params` varchar(2000) DEFAULT NULL COMMENT '参数',
  `cron_expression` varchar(100) DEFAULT NULL COMMENT 'cron表达式',
  `status` tinyint(4) DEFAULT NULL COMMENT '任务状态  0：正常  1：暂停',
  `remark` varchar(255) DEFAULT NULL COMMENT '备注',
  `create_time` datetime DEFAULT NULL COMMENT '创建时间',
  PRIMARY KEY (`job_id`)
) ENGINE=InnoDB AUTO_INCREMENT=3 DEFAULT CHARSET=utf8 COMMENT='定时任务';

-- ----------------------------
-- Records of schedule_job
-- ----------------------------
INSERT INTO `schedule_job` VALUES ('1', 'testTask', 'test', 'renren', '0 0/30 * * * ?', '0', '有参数测试', '2016-12-01 23:16:46');
INSERT INTO `schedule_job` VALUES ('2', 'testTask', 'test2', null, '0 0/30 * * * ?', '1', '无参数测试', '2016-12-03 14:55:56');

-- ----------------------------
-- Table structure for schedule_job_log
-- ----------------------------
DROP TABLE IF EXISTS `schedule_job_log`;
CREATE TABLE `schedule_job_log` (
  `log_id` bigint(20) NOT NULL AUTO_INCREMENT COMMENT '任务日志id',
  `job_id` bigint(20) NOT NULL COMMENT '任务id',
  `bean_name` varchar(200) DEFAULT NULL COMMENT 'spring bean名称',
  `method_name` varchar(100) DEFAULT NULL COMMENT '方法名',
  `params` varchar(2000) DEFAULT NULL COMMENT '参数',
  `status` tinyint(4) NOT NULL COMMENT '任务状态    0：成功    1：失败',
  `error` varchar(2000) DEFAULT NULL COMMENT '失败信息',
  `times` int(11) NOT NULL COMMENT '耗时(单位：毫秒)',
  `create_time` datetime DEFAULT NULL COMMENT '创建时间',
  PRIMARY KEY (`log_id`),
  KEY `job_id` (`job_id`)
) ENGINE=InnoDB AUTO_INCREMENT=157 DEFAULT CHARSET=utf8 COMMENT='定时任务日志';

-- ----------------------------
-- Records of schedule_job_log
-- ----------------------------
INSERT INTO `schedule_job_log` VALUES ('1', '1', 'testTask', 'test', 'renren', '0', null, '1051', '2018-06-25 17:00:00');
INSERT INTO `schedule_job_log` VALUES ('2', '1', 'testTask', 'test', 'renren', '0', null, '1024', '2018-06-25 17:30:00');
INSERT INTO `schedule_job_log` VALUES ('3', '1', 'testTask', 'test', 'renren', '0', null, '1012', '2018-06-25 18:00:00');
INSERT INTO `schedule_job_log` VALUES ('4', '1', 'testTask', 'test', 'renren', '0', null, '1051', '2018-06-26 17:00:00');
INSERT INTO `schedule_job_log` VALUES ('5', '1', 'testTask', 'test', 'renren', '0', null, '1011', '2018-06-26 17:30:00');
INSERT INTO `schedule_job_log` VALUES ('6', '1', 'testTask', 'test', 'renren', '0', null, '1009', '2018-06-26 18:00:00');
INSERT INTO `schedule_job_log` VALUES ('7', '1', 'testTask', 'test', 'renren', '0', null, '1006', '2018-06-26 18:30:00');
INSERT INTO `schedule_job_log` VALUES ('8', '1', 'testTask', 'test', 'renren', '0', null, '1010', '2018-06-26 19:00:00');

-- ----------------------------
-- Table structure for sys_captcha
-- ----------------------------
DROP TABLE IF EXISTS `sys_captcha`;
CREATE TABLE `sys_captcha` (
  `uuid` char(36) NOT NULL COMMENT 'uuid',
  `code` varchar(6) NOT NULL COMMENT '验证码',
  `expire_time` datetime DEFAULT NULL COMMENT '过期时间',
  PRIMARY KEY (`uuid`)
) ENGINE=InnoDB DEFAULT CHARSET=utf8 COMMENT='系统验证码';

-- ----------------------------
-- Records of sys_captcha
-- ----------------------------
INSERT INTO `sys_captcha` VALUES ('435f086d-836f-4ad7-8c43-c036298e3020', 'xp4ya', '2018-06-26 16:40:13');

-- ----------------------------
-- Table structure for sys_config
-- ----------------------------
DROP TABLE IF EXISTS `sys_config`;
CREATE TABLE `sys_config` (
  `id` bigint(20) NOT NULL AUTO_INCREMENT,
  `param_key` varchar(50) DEFAULT NULL COMMENT 'key',
  `param_value` varchar(2000) DEFAULT NULL COMMENT 'value',
  `status` tinyint(4) DEFAULT '1' COMMENT '状态   0：隐藏   1：显示',
  `remark` varchar(500) DEFAULT NULL COMMENT '备注',
  PRIMARY KEY (`id`),
  UNIQUE KEY `param_key` (`param_key`)
) ENGINE=InnoDB AUTO_INCREMENT=2 DEFAULT CHARSET=utf8 COMMENT='系统配置信息表';

-- ----------------------------
-- Records of sys_config
-- ----------------------------
INSERT INTO `sys_config` VALUES ('1', 'CLOUD_STORAGE_CONFIG_KEY', '{\"aliyunAccessKeyId\":\"\",\"aliyunAccessKeySecret\":\"\",\"aliyunBucketName\":\"\",\"aliyunDomain\":\"\",\"aliyunEndPoint\":\"\",\"aliyunPrefix\":\"\",\"qcloudBucketName\":\"\",\"qcloudDomain\":\"\",\"qcloudPrefix\":\"\",\"qcloudSecretId\":\"\",\"qcloudSecretKey\":\"\",\"qiniuAccessKey\":\"NrgMfABZxWLo5B-YYSjoE8-AZ1EISdi1Z3ubLOeZ\",\"qiniuBucketName\":\"ios-app\",\"qiniuDomain\":\"http://7xqbwh.dl1.z0.glb.clouddn.com\",\"qiniuPrefix\":\"upload\",\"qiniuSecretKey\":\"uIwJHevMRWU0VLxFvgy0tAcOdGqasdtVlJkdy6vV\",\"type\":1}', '0', '云存储配置信息');

-- ----------------------------
-- Table structure for sys_log
-- ----------------------------
DROP TABLE IF EXISTS `sys_log`;
CREATE TABLE `sys_log` (
  `id` bigint(20) NOT NULL AUTO_INCREMENT,
  `username` varchar(50) DEFAULT NULL COMMENT '用户名',
  `operation` varchar(50) DEFAULT NULL COMMENT '用户操作',
  `method` varchar(200) DEFAULT NULL COMMENT '请求方法',
  `params` varchar(5000) DEFAULT NULL COMMENT '请求参数',
  `time` bigint(20) NOT NULL COMMENT '执行时长(毫秒)',
  `ip` varchar(64) DEFAULT NULL COMMENT 'IP地址',
  `create_date` datetime DEFAULT NULL COMMENT '创建时间',
  PRIMARY KEY (`id`)
) ENGINE=InnoDB DEFAULT CHARSET=utf8 COMMENT='系统日志';

-- ----------------------------
-- Records of sys_log
-- ----------------------------

-- ----------------------------
-- Table structure for sys_menu
-- ----------------------------
DROP TABLE IF EXISTS `sys_menu`;
CREATE TABLE `sys_menu` (
  `menu_id` bigint(20) NOT NULL AUTO_INCREMENT,
  `parent_id` bigint(20) DEFAULT NULL COMMENT '父菜单ID，一级菜单为0',
  `name` varchar(50) DEFAULT NULL COMMENT '菜单名称',
  `url` varchar(200) DEFAULT NULL COMMENT '菜单URL',
  `perms` varchar(500) DEFAULT NULL COMMENT '授权(多个用逗号分隔，如：user:list,user:create)',
  `type` int(11) DEFAULT NULL COMMENT '类型   0：目录   1：菜单   2：按钮',
  `icon` varchar(50) DEFAULT NULL COMMENT '菜单图标',
  `order_num` int(11) DEFAULT NULL COMMENT '排序',
  PRIMARY KEY (`menu_id`)
) ENGINE=InnoDB AUTO_INCREMENT=31 DEFAULT CHARSET=utf8 COMMENT='菜单管理';

-- ----------------------------
-- Records of sys_menu
-- ----------------------------
INSERT INTO `sys_menu` VALUES ('1', '0', '系统管理', null, null, '0', 'system', '0');
INSERT INTO `sys_menu` VALUES ('2', '1', '管理员列表', 'sys/user', null, '1', 'admin', '1');
INSERT INTO `sys_menu` VALUES ('3', '1', '角色管理', 'sys/role', null, '1', 'role', '2');
INSERT INTO `sys_menu` VALUES ('4', '1', '菜单管理', 'sys/menu', null, '1', 'menu', '3');
INSERT INTO `sys_menu` VALUES ('5', '1', 'SQL监控', 'http://localhost:8080/renren-fast/druid/sql.html', null, '1', 'sql', '4');
INSERT INTO `sys_menu` VALUES ('6', '1', '定时任务', 'job/schedule', null, '1', 'job', '5');
INSERT INTO `sys_menu` VALUES ('7', '6', '查看', null, 'sys:schedule:list,sys:schedule:info', '2', null, '0');
INSERT INTO `sys_menu` VALUES ('8', '6', '新增', null, 'sys:schedule:save', '2', null, '0');
INSERT INTO `sys_menu` VALUES ('9', '6', '修改', null, 'sys:schedule:update', '2', null, '0');
INSERT INTO `sys_menu` VALUES ('10', '6', '删除', null, 'sys:schedule:delete', '2', null, '0');
INSERT INTO `sys_menu` VALUES ('11', '6', '暂停', null, 'sys:schedule:pause', '2', null, '0');
INSERT INTO `sys_menu` VALUES ('12', '6', '恢复', null, 'sys:schedule:resume', '2', null, '0');
INSERT INTO `sys_menu` VALUES ('13', '6', '立即执行', null, 'sys:schedule:run', '2', null, '0');
INSERT INTO `sys_menu` VALUES ('14', '6', '日志列表', null, 'sys:schedule:log', '2', null, '0');
INSERT INTO `sys_menu` VALUES ('15', '2', '查看', null, 'sys:user:list,sys:user:info', '2', null, '0');
INSERT INTO `sys_menu` VALUES ('16', '2', '新增', null, 'sys:user:save,sys:role:select', '2', null, '0');
INSERT INTO `sys_menu` VALUES ('17', '2', '修改', null, 'sys:user:update,sys:role:select', '2', null, '0');
INSERT INTO `sys_menu` VALUES ('18', '2', '删除', null, 'sys:user:delete', '2', null, '0');
INSERT INTO `sys_menu` VALUES ('19', '3', '查看', null, 'sys:role:list,sys:role:info', '2', null, '0');
INSERT INTO `sys_menu` VALUES ('20', '3', '新增', null, 'sys:role:save,sys:menu:list', '2', null, '0');
INSERT INTO `sys_menu` VALUES ('21', '3', '修改', null, 'sys:role:update,sys:menu:list', '2', null, '0');
INSERT INTO `sys_menu` VALUES ('22', '3', '删除', null, 'sys:role:delete', '2', null, '0');
INSERT INTO `sys_menu` VALUES ('23', '4', '查看', null, 'sys:menu:list,sys:menu:info', '2', null, '0');
INSERT INTO `sys_menu` VALUES ('24', '4', '新增', null, 'sys:menu:save,sys:menu:select', '2', null, '0');
INSERT INTO `sys_menu` VALUES ('25', '4', '修改', null, 'sys:menu:update,sys:menu:select', '2', null, '0');
INSERT INTO `sys_menu` VALUES ('26', '4', '删除', null, 'sys:menu:delete', '2', null, '0');
INSERT INTO `sys_menu` VALUES ('27', '1', '参数管理', 'sys/config', 'sys:config:list,sys:config:info,sys:config:save,sys:config:update,sys:config:delete', '1', 'config', '6');
INSERT INTO `sys_menu` VALUES ('29', '1', '系统日志', 'sys/log', 'sys:log:list', '1', 'log', '7');
INSERT INTO `sys_menu` VALUES ('30', '1', '文件上传', 'oss/oss', 'sys:oss:all', '1', 'oss', '6');

-- ----------------------------
-- Table structure for sys_oss
-- ----------------------------
DROP TABLE IF EXISTS `sys_oss`;
CREATE TABLE `sys_oss` (
  `id` bigint(20) NOT NULL AUTO_INCREMENT,
  `url` varchar(200) DEFAULT NULL COMMENT 'URL地址',
  `create_date` datetime DEFAULT NULL COMMENT '创建时间',
  PRIMARY KEY (`id`)
) ENGINE=InnoDB DEFAULT CHARSET=utf8 COMMENT='文件上传';

-- ----------------------------
-- Records of sys_oss
-- ----------------------------

-- ----------------------------
-- Table structure for sys_role
-- ----------------------------
DROP TABLE IF EXISTS `sys_role`;
CREATE TABLE `sys_role` (
  `role_id` bigint(20) NOT NULL AUTO_INCREMENT,
  `role_name` varchar(100) DEFAULT NULL COMMENT '角色名称',
  `remark` varchar(100) DEFAULT NULL COMMENT '备注',
  `create_user_id` bigint(20) DEFAULT NULL COMMENT '创建者ID',
  `create_time` datetime DEFAULT NULL COMMENT '创建时间',
  PRIMARY KEY (`role_id`)
) ENGINE=InnoDB DEFAULT CHARSET=utf8 COMMENT='角色';

-- ----------------------------
-- Records of sys_role
-- ----------------------------

-- ----------------------------
-- Table structure for sys_role_menu
-- ----------------------------
DROP TABLE IF EXISTS `sys_role_menu`;
CREATE TABLE `sys_role_menu` (
  `id` bigint(20) NOT NULL AUTO_INCREMENT,
  `role_id` bigint(20) DEFAULT NULL COMMENT '角色ID',
  `menu_id` bigint(20) DEFAULT NULL COMMENT '菜单ID',
  PRIMARY KEY (`id`)
) ENGINE=InnoDB DEFAULT CHARSET=utf8 COMMENT='角色与菜单对应关系';

-- ----------------------------
-- Records of sys_role_menu
-- ----------------------------

-- ----------------------------
-- Table structure for sys_user
-- ----------------------------
DROP TABLE IF EXISTS `sys_user`;
CREATE TABLE `sys_user` (
  `user_id` bigint(20) NOT NULL AUTO_INCREMENT,
  `username` varchar(50) NOT NULL COMMENT '用户名',
  `password` varchar(100) DEFAULT NULL COMMENT '密码',
  `salt` varchar(20) DEFAULT NULL COMMENT '盐',
  `email` varchar(100) DEFAULT NULL COMMENT '邮箱',
  `mobile` varchar(100) DEFAULT NULL COMMENT '手机号',
  `status` tinyint(4) DEFAULT NULL COMMENT '状态  0：禁用   1：正常',
  `create_user_id` bigint(20) DEFAULT NULL COMMENT '创建者ID',
  `create_time` datetime DEFAULT NULL COMMENT '创建时间',
  PRIMARY KEY (`user_id`),
  UNIQUE KEY `username` (`username`)
) ENGINE=InnoDB AUTO_INCREMENT=2 DEFAULT CHARSET=utf8 COMMENT='系统用户';

-- ----------------------------
-- Records of sys_user
-- ----------------------------
INSERT INTO `sys_user` VALUES ('1', 'admin', '9ec9750e709431dad22365cabc5c625482e574c74adaebba7dd02f1129e4ce1d', 'YzcmCZNvbXocrsz9dm8e', 'root@renren.io', '13612345678', '1', '1', '2016-11-11 11:11:11');

-- ----------------------------
-- Table structure for sys_user_role
-- ----------------------------
DROP TABLE IF EXISTS `sys_user_role`;
CREATE TABLE `sys_user_role` (
  `id` bigint(20) NOT NULL AUTO_INCREMENT,
  `user_id` bigint(20) DEFAULT NULL COMMENT '用户ID',
  `role_id` bigint(20) DEFAULT NULL COMMENT '角色ID',
  PRIMARY KEY (`id`)
) ENGINE=InnoDB DEFAULT CHARSET=utf8 COMMENT='用户与角色对应关系';

-- ----------------------------
-- Records of sys_user_role
-- ----------------------------

-- ----------------------------
-- Table structure for sys_user_token
-- ----------------------------
DROP TABLE IF EXISTS `sys_user_token`;
CREATE TABLE `sys_user_token` (
  `user_id` bigint(20) NOT NULL,
  `token` varchar(100) NOT NULL COMMENT 'token',
  `expire_time` datetime DEFAULT NULL COMMENT '过期时间',
  `update_time` datetime DEFAULT NULL COMMENT '更新时间',
  PRIMARY KEY (`user_id`),
  UNIQUE KEY `token` (`token`)
) ENGINE=InnoDB DEFAULT CHARSET=utf8 COMMENT='系统用户Token';

-- ----------------------------
-- Records of sys_user_token
-- ----------------------------
INSERT INTO `sys_user_token` VALUES ('1', 'b45a3384e45d6958947305fd35a70c96', '2018-06-30 05:53:46', '2018-06-29 17:53:46');

-- ----------------------------
-- Table structure for tb_user
-- ----------------------------
DROP TABLE IF EXISTS `tb_user`;
CREATE TABLE `tb_user` (
  `user_id` bigint(20) NOT NULL AUTO_INCREMENT,
  `username` varchar(50) NOT NULL COMMENT '用户名',
  `mobile` varchar(20) NOT NULL COMMENT '手机号',
  `password` varchar(64) DEFAULT NULL COMMENT '密码',
  `create_time` datetime DEFAULT NULL COMMENT '创建时间',
  PRIMARY KEY (`user_id`),
  UNIQUE KEY `username` (`username`)
) ENGINE=InnoDB AUTO_INCREMENT=2 DEFAULT CHARSET=utf8 COMMENT='用户';

-- ----------------------------
-- Records of tb_user
-- ----------------------------
INSERT INTO `tb_user` VALUES ('1', 'mark', '13612345678', '8c6976e5b5410415bde908bd4dee15dfb167a9c873fc4bb8a81f6f2ab448a918', '2017-03-23 22:37:41');

-- ----------------------------
-- Table structure for vblog_article
-- ----------------------------
DROP TABLE IF EXISTS `vblog_article`;
CREATE TABLE `vblog_article` (
  `id` bigint(20) NOT NULL AUTO_INCREMENT COMMENT '主键ID',
  `user_id` bigint(20) NOT NULL COMMENT '用户ID',
  `nickname` varchar(64) NOT NULL COMMENT '作者昵称',
  `title` varchar(255) DEFAULT NULL COMMENT '文章标题',
  `summary` varchar(255) DEFAULT NULL COMMENT '文章摘要',
  `content` longtext COMMENT '文章内容txt',
  `content_html` longtext COMMENT '文章内容html',
  `view_num` int(11) DEFAULT NULL COMMENT '浏览数',
  `comment_num` int(11) DEFAULT NULL COMMENT '评论数',
  `weight` int(11) NOT NULL COMMENT '权重',
  `tags` varchar(255) DEFAULT NULL COMMENT '文章标签',
  `category_id` int(11) DEFAULT NULL COMMENT '文章分类ID',
  `create_time` datetime NOT NULL COMMENT '创建时间',
  `update_time` datetime NOT NULL COMMENT '更新时间',
  PRIMARY KEY (`id`),
  KEY `key_userId` (`user_id`),
  KEY `key_category_id` (`category_id`)
) ENGINE=InnoDB AUTO_INCREMENT=1000 DEFAULT CHARSET=utf8 COMMENT='文章表';

-- ----------------------------
-- Records of vblog_article
-- ----------------------------
INSERT INTO `vblog_article` VALUES ('1', '1000', 'liangfeihu', 'Vue构建前台页面Vue构建前台页面Vue构建前台页面Vue构建前台页面', 'Vue构建前台页面过程1Vue构建前台页面过程2Vue构建前台页面过程3Vue构建前台页面过程4Vue构建前台页面过程5Vue构建前台页面过程6Vue构建前台页面过程7Vue构建前台页面过程8', '## 2018-01-04\n\n```\n# 使用vue的Webpack模板生成脚手架\n```\n\n## 2018-01-05\n\n```\n# 引入ElementUI\n\n# babel-plugin-component自定义主题\n# 首页\n# 登陆页\n# 注册页面\n# 日志页\n```\n## 2018-01-07\n\n```\n# 调整底部栏始终固定在底部\n# 日志页 添加时间轴\n# 首页的文章列表\n```\n## 2018-01-08\n\n```\n# 使用组件-博客作者tab页 \n# 添加第三方图标\n```\n\n## 2018-01-09\n\n```\n# 调整顶部导航栏：激活文字颜色，click点击\n# 组件-最新文章tab页\n\n# 最新文章、最热文章使用相同组件\n# 底部栏设计\n# 页面与两边边距改为100\n```\n\n## 2018-01-10\n\n```\n# 写博客 引入mavonEditor编辑器\n# 顶部导航栏都放入一个Menu中\n# 写文章页面\n#　mavonEditor局部引入\n\n#　页面的中间区域固定宽度，自动居中\n# 发布和取消\n# 发布dialog\n\n```\n## 2018-01-11\n\n```\n# 文章组件用守卫来改变body背景色\n# 调整登陆和注册页面，使其居中\n\n#子页面调整根元素为div\n#文章详情页\n\n```\n## 2018-01-12\n\n```\n# 文章详情页  内容  评论等\n\n```\n## 2018-01-13\n\n```\n## 重新调整页面结构	\n#顶部和底部 抽成  BaseHeader BaseFooter 组件\n#BlogView为单独页，以前是Home的子路由\n\n```\n## 2018-01-15\n\n``` \n# 文章分类去掉子级\n# 将首页的文章列表抽成 ArticleItem组件\n# 增加文章的评论展示\n# 增加文章分类、标签页\n\n```\n\n## 2018-01-15  2\n\n``` \n# 回到顶部去掉过渡动画（影响顶部导航栏）\n# 顶部导航栏 增加登录后菜单\n# 首页增加 最热标签\n# 增加 文章分类 标签的详情页\n# 将文章详情页、 文章分类标签页 改为Home的子路由（以前单独页）\n# Home组件增加路由判断：更正导航栏的状态、条件显示底部栏\n\n```\n\n## 2018-01-16\n\n``` \n# 将写文章的顶部Header合并到BaseHeader中\n# 图片都放到了static目录下\n\n```\n\n## 2018-01-24\n\n``` \n# 将自定义的theme放到assets下\n# 加入axios\n# 加入vuex\n# 实现登录\n# 实现退出\n\n```\n\n## 2018-01-25\n\n``` \n# 实现注册逻辑\n# 写文章功能实现\n# 写文章时支持插入图片\n\n```\n## 2018-01-26\n\n``` \n# 引入lodash工具类\n# 优化写文章的工具栏：滚动时固定顶部\n# 写文章 后台获取文章分类和标签\n\n# 首页的文章列表\n\n```\n\n## 2018-01-27\n\n``` \n# 修改首页文章列表的样式\n# 首页加载文章功能\n# 文章查看功能\n# 文章分类和标签功能列表\n\n```\n\n## 2018-01-28\n\n``` \n# 文章分类和标签详情\n\n```\n\n## 2018-01-29\n\n``` \n# 文章分类和标签的文章数\n# 首页最热文章\n# 首页最新文章\n# 首页最热标签\n\n```\n## 2018-01-30\n\n``` \n# BaseHeader放回views中\n# 修改Axios后置拦截，全局处理错误\n# 将登录 退出 和头像 放到一起\n\n```', '<h2>2018-01-04</h2>\n<pre><code class=\"lang-\"># 使用vue的Webpack模板生成脚手架\n</code></pre>\n<h2>2018-01-05</h2>\n<pre><code class=\"lang-\"># 引入ElementUI\n\n# babel-plugin-component自定义主题\n# 首页\n# 登陆页\n# 注册页面\n# 日志页\n</code></pre>\n<h2>2018-01-07</h2>\n<pre><code class=\"lang-\"># 调整底部栏始终固定在底部\n# 日志页 添加时间轴\n# 首页的文章列表\n</code></pre>\n<h2>2018-01-08</h2>\n<pre><code class=\"lang-\"># 使用组件-博客作者tab页 \n# 添加第三方图标\n</code></pre>\n<h2>2018-01-09</h2>\n<pre><code class=\"lang-\"># 调整顶部导航栏：激活文字颜色，click点击\n# 组件-最新文章tab页\n\n# 最新文章、最热文章使用相同组件\n# 底部栏设计\n# 页面与两边边距改为100\n</code></pre>\n<h2>2018-01-10</h2>\n<pre><code class=\"lang-\"># 写博客 引入mavonEditor编辑器\n# 顶部导航栏都放入一个Menu中\n# 写文章页面\n#　mavonEditor局部引入\n\n#　页面的中间区域固定宽度，自动居中\n# 发布和取消\n# 发布dialog\n\n</code></pre>\n<h2>2018-01-11</h2>\n<pre><code class=\"lang-\"># 文章组件用守卫来改变body背景色\n# 调整登陆和注册页面，使其居中\n\n#子页面调整根元素为div\n#文章详情页\n\n</code></pre>\n<h2>2018-01-12</h2>\n<pre><code class=\"lang-\"># 文章详情页  内容  评论等\n\n</code></pre>\n<h2>2018-01-13</h2>\n<pre><code class=\"lang-\">## 重新调整页面结构	\n#顶部和底部 抽成  BaseHeader BaseFooter 组件\n#BlogView为单独页，以前是Home的子路由\n\n</code></pre>\n<h2>2018-01-15</h2>\n<pre><code class=\"lang-\"># 文章分类去掉子级\n# 将首页的文章列表抽成 ArticleItem组件\n# 增加文章的评论展示\n# 增加文章分类、标签页\n\n</code></pre>\n<h2>2018-01-15  2</h2>\n<pre><code class=\"lang-\"># 回到顶部去掉过渡动画（影响顶部导航栏）\n# 顶部导航栏 增加登录后菜单\n# 首页增加 最热标签\n# 增加 文章分类 标签的详情页\n# 将文章详情页、 文章分类标签页 改为Home的子路由（以前单独页）\n# Home组件增加路由判断：更正导航栏的状态、条件显示底部栏\n\n</code></pre>\n<h2>2018-01-16</h2>\n<pre><code class=\"lang-\"># 将写文章的顶部Header合并到BaseHeader中\n# 图片都放到了static目录下\n\n</code></pre>\n<h2>2018-01-24</h2>\n<pre><code class=\"lang-\"># 将自定义的theme放到assets下\n# 加入axios\n# 加入vuex\n# 实现登录\n# 实现退出\n\n</code></pre>\n<h2>2018-01-25</h2>\n<pre><code class=\"lang-\"># 实现注册逻辑\n# 写文章功能实现\n# 写文章时支持插入图片\n\n</code></pre>\n<h2>2018-01-26</h2>\n<pre><code class=\"lang-\"># 引入lodash工具类\n# 优化写文章的工具栏：滚动时固定顶部\n# 写文章 后台获取文章分类和标签\n\n# 首页的文章列表\n\n</code></pre>\n<h2>2018-01-27</h2>\n<pre><code class=\"lang-\"># 修改首页文章列表的样式\n# 首页加载文章功能\n# 文章查看功能\n# 文章分类和标签功能列表\n\n</code></pre>\n<h2>2018-01-28</h2>\n<pre><code class=\"lang-\"># 文章分类和标签详情\n\n</code></pre>\n<h2>2018-01-29</h2>\n<pre><code class=\"lang-\"># 文章分类和标签的文章数\n# 首页最热文章\n# 首页最新文章\n# 首页最热标签\n\n</code></pre>\n<h2>2018-01-30</h2>\n<pre><code class=\"lang-\"># BaseHeader放回views中\n# 修改Axios后置拦截，全局处理错误\n# 将登录 退出 和头像 放到一起\n\n</code></pre>\n', '56', '8', '0', 'Vue,Css,Html,JavaScript', '1', '2018-07-01 15:21:06', '2018-07-06 15:21:08');
INSERT INTO `vblog_article` VALUES ('2', '1001', 'liangweijie', '1001Vue构建前台页面Vue构建前台页面Vue构建前台页面Vue构建前台页面', 'Vue构建前台页面过程1Vue构建前台页面过程2Vue构建前台页面过程3Vue构建前台页面过程4Vue构建前台页面过程5Vue构建前台页面过程6Vue构建前台页面过程7Vue构建前台页面过程8', '## 2018-01-04\n\n```\n# 使用vue的Webpack模板生成脚手架\n```\n\n## 2018-01-05\n\n```\n# 引入ElementUI\n\n# babel-plugin-component自定义主题\n# 首页\n# 登陆页\n# 注册页面\n# 日志页\n```\n## 2018-01-07\n\n```\n# 调整底部栏始终固定在底部\n# 日志页 添加时间轴\n# 首页的文章列表\n```\n## 2018-01-08\n\n```\n# 使用组件-博客作者tab页 \n# 添加第三方图标\n```\n\n## 2018-01-09\n\n```\n# 调整顶部导航栏：激活文字颜色，click点击\n# 组件-最新文章tab页\n\n# 最新文章、最热文章使用相同组件\n# 底部栏设计\n# 页面与两边边距改为100\n```\n\n## 2018-01-10\n\n```\n# 写博客 引入mavonEditor编辑器\n# 顶部导航栏都放入一个Menu中\n# 写文章页面\n#　mavonEditor局部引入\n\n#　页面的中间区域固定宽度，自动居中\n# 发布和取消\n# 发布dialog\n\n```\n## 2018-01-11\n\n```\n# 文章组件用守卫来改变body背景色\n# 调整登陆和注册页面，使其居中\n\n#子页面调整根元素为div\n#文章详情页\n\n```\n## 2018-01-12\n\n```\n# 文章详情页  内容  评论等\n\n```\n## 2018-01-13\n\n```\n## 重新调整页面结构	\n#顶部和底部 抽成  BaseHeader BaseFooter 组件\n#BlogView为单独页，以前是Home的子路由\n\n```\n## 2018-01-15\n\n``` \n# 文章分类去掉子级\n# 将首页的文章列表抽成 ArticleItem组件\n# 增加文章的评论展示\n# 增加文章分类、标签页\n\n```\n\n## 2018-01-15  2\n\n``` \n# 回到顶部去掉过渡动画（影响顶部导航栏）\n# 顶部导航栏 增加登录后菜单\n# 首页增加 最热标签\n# 增加 文章分类 标签的详情页\n# 将文章详情页、 文章分类标签页 改为Home的子路由（以前单独页）\n# Home组件增加路由判断：更正导航栏的状态、条件显示底部栏\n\n```\n\n## 2018-01-16\n\n``` \n# 将写文章的顶部Header合并到BaseHeader中\n# 图片都放到了static目录下\n\n```\n\n## 2018-01-24\n\n``` \n# 将自定义的theme放到assets下\n# 加入axios\n# 加入vuex\n# 实现登录\n# 实现退出\n\n```\n\n## 2018-01-25\n\n``` \n# 实现注册逻辑\n# 写文章功能实现\n# 写文章时支持插入图片\n\n```\n## 2018-01-26\n\n``` \n# 引入lodash工具类\n# 优化写文章的工具栏：滚动时固定顶部\n# 写文章 后台获取文章分类和标签\n\n# 首页的文章列表\n\n```\n\n## 2018-01-27\n\n``` \n# 修改首页文章列表的样式\n# 首页加载文章功能\n# 文章查看功能\n# 文章分类和标签功能列表\n\n```\n\n## 2018-01-28\n\n``` \n# 文章分类和标签详情\n\n```\n\n## 2018-01-29\n\n``` \n# 文章分类和标签的文章数\n# 首页最热文章\n# 首页最新文章\n# 首页最热标签\n\n```\n## 2018-01-30\n\n``` \n# BaseHeader放回views中\n# 修改Axios后置拦截，全局处理错误\n# 将登录 退出 和头像 放到一起\n\n```', '<h2>2018-01-04</h2>\n<pre><code class=\"lang-\"># 使用vue的Webpack模板生成脚手架\n</code></pre>\n<h2>2018-01-05</h2>\n<pre><code class=\"lang-\"># 引入ElementUI\n\n# babel-plugin-component自定义主题\n# 首页\n# 登陆页\n# 注册页面\n# 日志页\n</code></pre>\n<h2>2018-01-07</h2>\n<pre><code class=\"lang-\"># 调整底部栏始终固定在底部\n# 日志页 添加时间轴\n# 首页的文章列表\n</code></pre>\n<h2>2018-01-08</h2>\n<pre><code class=\"lang-\"># 使用组件-博客作者tab页 \n# 添加第三方图标\n</code></pre>\n<h2>2018-01-09</h2>\n<pre><code class=\"lang-\"># 调整顶部导航栏：激活文字颜色，click点击\n# 组件-最新文章tab页\n\n# 最新文章、最热文章使用相同组件\n# 底部栏设计\n# 页面与两边边距改为100\n</code></pre>\n<h2>2018-01-10</h2>\n<pre><code class=\"lang-\"># 写博客 引入mavonEditor编辑器\n# 顶部导航栏都放入一个Menu中\n# 写文章页面\n#　mavonEditor局部引入\n\n#　页面的中间区域固定宽度，自动居中\n# 发布和取消\n# 发布dialog\n\n</code></pre>\n<h2>2018-01-11</h2>\n<pre><code class=\"lang-\"># 文章组件用守卫来改变body背景色\n# 调整登陆和注册页面，使其居中\n\n#子页面调整根元素为div\n#文章详情页\n\n</code></pre>\n<h2>2018-01-12</h2>\n<pre><code class=\"lang-\"># 文章详情页  内容  评论等\n\n</code></pre>\n<h2>2018-01-13</h2>\n<pre><code class=\"lang-\">## 重新调整页面结构	\n#顶部和底部 抽成  BaseHeader BaseFooter 组件\n#BlogView为单独页，以前是Home的子路由\n\n</code></pre>\n<h2>2018-01-15</h2>\n<pre><code class=\"lang-\"># 文章分类去掉子级\n# 将首页的文章列表抽成 ArticleItem组件\n# 增加文章的评论展示\n# 增加文章分类、标签页\n\n</code></pre>\n<h2>2018-01-15  2</h2>\n<pre><code class=\"lang-\"># 回到顶部去掉过渡动画（影响顶部导航栏）\n# 顶部导航栏 增加登录后菜单\n# 首页增加 最热标签\n# 增加 文章分类 标签的详情页\n# 将文章详情页、 文章分类标签页 改为Home的子路由（以前单独页）\n# Home组件增加路由判断：更正导航栏的状态、条件显示底部栏\n\n</code></pre>\n<h2>2018-01-16</h2>\n<pre><code class=\"lang-\"># 将写文章的顶部Header合并到BaseHeader中\n# 图片都放到了static目录下\n\n</code></pre>\n<h2>2018-01-24</h2>\n<pre><code class=\"lang-\"># 将自定义的theme放到assets下\n# 加入axios\n# 加入vuex\n# 实现登录\n# 实现退出\n\n</code></pre>\n<h2>2018-01-25</h2>\n<pre><code class=\"lang-\"># 实现注册逻辑\n# 写文章功能实现\n# 写文章时支持插入图片\n\n</code></pre>\n<h2>2018-01-26</h2>\n<pre><code class=\"lang-\"># 引入lodash工具类\n# 优化写文章的工具栏：滚动时固定顶部\n# 写文章 后台获取文章分类和标签\n\n# 首页的文章列表\n\n</code></pre>\n<h2>2018-01-27</h2>\n<pre><code class=\"lang-\"># 修改首页文章列表的样式\n# 首页加载文章功能\n# 文章查看功能\n# 文章分类和标签功能列表\n\n</code></pre>\n<h2>2018-01-28</h2>\n<pre><code class=\"lang-\"># 文章分类和标签详情\n\n</code></pre>\n<h2>2018-01-29</h2>\n<pre><code class=\"lang-\"># 文章分类和标签的文章数\n# 首页最热文章\n# 首页最新文章\n# 首页最热标签\n\n</code></pre>\n<h2>2018-01-30</h2>\n<pre><code class=\"lang-\"># BaseHeader放回views中\n# 修改Axios后置拦截，全局处理错误\n# 将登录 退出 和头像 放到一起\n\n</code></pre>\n', '27', '5', '0', 'Vue,Html', '1', '2018-07-03 15:21:08', '2018-07-06 15:21:08');
INSERT INTO `vblog_article` VALUES ('3', '1000', 'liangfeihu', 'Vue构建前台页面Vue构建前台页面Vue构建前台页面Vue构建前台页面', 'Vue构建前台页面过程1Vue构建前台页面过程2Vue构建前台页面过程3Vue构建前台页面过程4Vue构建前台页面过程5Vue构建前台页面过程6Vue构建前台页面过程7Vue构建前台页面过程8', '## 2018-01-04\n\n```\n# 使用vue的Webpack模板生成脚手架\n```\n\n## 2018-01-05\n\n```\n# 引入ElementUI\n\n# babel-plugin-component自定义主题\n# 首页\n# 登陆页\n# 注册页面\n# 日志页\n```\n## 2018-01-07\n\n```\n# 调整底部栏始终固定在底部\n# 日志页 添加时间轴\n# 首页的文章列表\n```\n## 2018-01-08\n\n```\n# 使用组件-博客作者tab页 \n# 添加第三方图标\n```\n\n## 2018-01-09\n\n```\n# 调整顶部导航栏：激活文字颜色，click点击\n# 组件-最新文章tab页\n\n# 最新文章、最热文章使用相同组件\n# 底部栏设计\n# 页面与两边边距改为100\n```\n\n## 2018-01-10\n\n```\n# 写博客 引入mavonEditor编辑器\n# 顶部导航栏都放入一个Menu中\n# 写文章页面\n#　mavonEditor局部引入\n\n#　页面的中间区域固定宽度，自动居中\n# 发布和取消\n# 发布dialog\n\n```\n## 2018-01-11\n\n```\n# 文章组件用守卫来改变body背景色\n# 调整登陆和注册页面，使其居中\n\n#子页面调整根元素为div\n#文章详情页\n\n```\n## 2018-01-12\n\n```\n# 文章详情页  内容  评论等\n\n```\n## 2018-01-13\n\n```\n## 重新调整页面结构	\n#顶部和底部 抽成  BaseHeader BaseFooter 组件\n#BlogView为单独页，以前是Home的子路由\n\n```\n## 2018-01-15\n\n``` \n# 文章分类去掉子级\n# 将首页的文章列表抽成 ArticleItem组件\n# 增加文章的评论展示\n# 增加文章分类、标签页\n\n```\n\n## 2018-01-15  2\n\n``` \n# 回到顶部去掉过渡动画（影响顶部导航栏）\n# 顶部导航栏 增加登录后菜单\n# 首页增加 最热标签\n# 增加 文章分类 标签的详情页\n# 将文章详情页、 文章分类标签页 改为Home的子路由（以前单独页）\n# Home组件增加路由判断：更正导航栏的状态、条件显示底部栏\n\n```\n\n## 2018-01-16\n\n``` \n# 将写文章的顶部Header合并到BaseHeader中\n# 图片都放到了static目录下\n\n```\n\n## 2018-01-24\n\n``` \n# 将自定义的theme放到assets下\n# 加入axios\n# 加入vuex\n# 实现登录\n# 实现退出\n\n```\n\n## 2018-01-25\n\n``` \n# 实现注册逻辑\n# 写文章功能实现\n# 写文章时支持插入图片\n\n```\n## 2018-01-26\n\n``` \n# 引入lodash工具类\n# 优化写文章的工具栏：滚动时固定顶部\n# 写文章 后台获取文章分类和标签\n\n# 首页的文章列表\n\n```\n\n## 2018-01-27\n\n``` \n# 修改首页文章列表的样式\n# 首页加载文章功能\n# 文章查看功能\n# 文章分类和标签功能列表\n\n```\n\n## 2018-01-28\n\n``` \n# 文章分类和标签详情\n\n```\n\n## 2018-01-29\n\n``` \n# 文章分类和标签的文章数\n# 首页最热文章\n# 首页最新文章\n# 首页最热标签\n\n```\n## 2018-01-30\n\n``` \n# BaseHeader放回views中\n# 修改Axios后置拦截，全局处理错误\n# 将登录 退出 和头像 放到一起\n\n```', '<h2>2018-01-04</h2>\n<pre><code class=\"lang-\"># 使用vue的Webpack模板生成脚手架\n</code></pre>\n<h2>2018-01-05</h2>\n<pre><code class=\"lang-\"># 引入ElementUI\n\n# babel-plugin-component自定义主题\n# 首页\n# 登陆页\n# 注册页面\n# 日志页\n</code></pre>\n<h2>2018-01-07</h2>\n<pre><code class=\"lang-\"># 调整底部栏始终固定在底部\n# 日志页 添加时间轴\n# 首页的文章列表\n</code></pre>\n<h2>2018-01-08</h2>\n<pre><code class=\"lang-\"># 使用组件-博客作者tab页 \n# 添加第三方图标\n</code></pre>\n<h2>2018-01-09</h2>\n<pre><code class=\"lang-\"># 调整顶部导航栏：激活文字颜色，click点击\n# 组件-最新文章tab页\n\n# 最新文章、最热文章使用相同组件\n# 底部栏设计\n# 页面与两边边距改为100\n</code></pre>\n<h2>2018-01-10</h2>\n<pre><code class=\"lang-\"># 写博客 引入mavonEditor编辑器\n# 顶部导航栏都放入一个Menu中\n# 写文章页面\n#　mavonEditor局部引入\n\n#　页面的中间区域固定宽度，自动居中\n# 发布和取消\n# 发布dialog\n\n</code></pre>\n<h2>2018-01-11</h2>\n<pre><code class=\"lang-\"># 文章组件用守卫来改变body背景色\n# 调整登陆和注册页面，使其居中\n\n#子页面调整根元素为div\n#文章详情页\n\n</code></pre>\n<h2>2018-01-12</h2>\n<pre><code class=\"lang-\"># 文章详情页  内容  评论等\n\n</code></pre>\n<h2>2018-01-13</h2>\n<pre><code class=\"lang-\">## 重新调整页面结构	\n#顶部和底部 抽成  BaseHeader BaseFooter 组件\n#BlogView为单独页，以前是Home的子路由\n\n</code></pre>\n<h2>2018-01-15</h2>\n<pre><code class=\"lang-\"># 文章分类去掉子级\n# 将首页的文章列表抽成 ArticleItem组件\n# 增加文章的评论展示\n# 增加文章分类、标签页\n\n</code></pre>\n<h2>2018-01-15  2</h2>\n<pre><code class=\"lang-\"># 回到顶部去掉过渡动画（影响顶部导航栏）\n# 顶部导航栏 增加登录后菜单\n# 首页增加 最热标签\n# 增加 文章分类 标签的详情页\n# 将文章详情页、 文章分类标签页 改为Home的子路由（以前单独页）\n# Home组件增加路由判断：更正导航栏的状态、条件显示底部栏\n\n</code></pre>\n<h2>2018-01-16</h2>\n<pre><code class=\"lang-\"># 将写文章的顶部Header合并到BaseHeader中\n# 图片都放到了static目录下\n\n</code></pre>\n<h2>2018-01-24</h2>\n<pre><code class=\"lang-\"># 将自定义的theme放到assets下\n# 加入axios\n# 加入vuex\n# 实现登录\n# 实现退出\n\n</code></pre>\n<h2>2018-01-25</h2>\n<pre><code class=\"lang-\"># 实现注册逻辑\n# 写文章功能实现\n# 写文章时支持插入图片\n\n</code></pre>\n<h2>2018-01-26</h2>\n<pre><code class=\"lang-\"># 引入lodash工具类\n# 优化写文章的工具栏：滚动时固定顶部\n# 写文章 后台获取文章分类和标签\n\n# 首页的文章列表\n\n</code></pre>\n<h2>2018-01-27</h2>\n<pre><code class=\"lang-\"># 修改首页文章列表的样式\n# 首页加载文章功能\n# 文章查看功能\n# 文章分类和标签功能列表\n\n</code></pre>\n<h2>2018-01-28</h2>\n<pre><code class=\"lang-\"># 文章分类和标签详情\n\n</code></pre>\n<h2>2018-01-29</h2>\n<pre><code class=\"lang-\"># 文章分类和标签的文章数\n# 首页最热文章\n# 首页最新文章\n# 首页最热标签\n\n</code></pre>\n<h2>2018-01-30</h2>\n<pre><code class=\"lang-\"># BaseHeader放回views中\n# 修改Axios后置拦截，全局处理错误\n# 将登录 退出 和头像 放到一起\n\n</code></pre>\n', '36', '7', '0', 'Vue,JavaScript', '1', '2018-07-05 15:21:06', '2018-07-06 15:21:08');
INSERT INTO `vblog_article` VALUES ('4', '1002', 'liangweijie2', '1002Vue构建前台页面Vue构建前台页面Vue构建前台页面Vue构建前台页面', 'Vue构建前台页面过程1Vue构建前台页面过程2Vue构建前台页面过程3Vue构建前台页面过程4Vue构建前台页面过程5Vue构建前台页面过程6Vue构建前台页面过程7Vue构建前台页面过程8', '## 2018-01-04\n\n```\n# 使用vue的Webpack模板生成脚手架\n```\n\n## 2018-01-05\n\n```\n# 引入ElementUI\n\n# babel-plugin-component自定义主题\n# 首页\n# 登陆页\n# 注册页面\n# 日志页\n```\n## 2018-01-07\n\n```\n# 调整底部栏始终固定在底部\n# 日志页 添加时间轴\n# 首页的文章列表\n```\n## 2018-01-08\n\n```\n# 使用组件-博客作者tab页 \n# 添加第三方图标\n```\n\n## 2018-01-09\n\n```\n# 调整顶部导航栏：激活文字颜色，click点击\n# 组件-最新文章tab页\n\n# 最新文章、最热文章使用相同组件\n# 底部栏设计\n# 页面与两边边距改为100\n```\n\n## 2018-01-10\n\n```\n# 写博客 引入mavonEditor编辑器\n# 顶部导航栏都放入一个Menu中\n# 写文章页面\n#　mavonEditor局部引入\n\n#　页面的中间区域固定宽度，自动居中\n# 发布和取消\n# 发布dialog\n\n```\n## 2018-01-11\n\n```\n# 文章组件用守卫来改变body背景色\n# 调整登陆和注册页面，使其居中\n\n#子页面调整根元素为div\n#文章详情页\n\n```\n## 2018-01-12\n\n```\n# 文章详情页  内容  评论等\n\n```\n## 2018-01-13\n\n```\n## 重新调整页面结构	\n#顶部和底部 抽成  BaseHeader BaseFooter 组件\n#BlogView为单独页，以前是Home的子路由\n\n```\n## 2018-01-15\n\n``` \n# 文章分类去掉子级\n# 将首页的文章列表抽成 ArticleItem组件\n# 增加文章的评论展示\n# 增加文章分类、标签页\n\n```\n\n## 2018-01-15  2\n\n``` \n# 回到顶部去掉过渡动画（影响顶部导航栏）\n# 顶部导航栏 增加登录后菜单\n# 首页增加 最热标签\n# 增加 文章分类 标签的详情页\n# 将文章详情页、 文章分类标签页 改为Home的子路由（以前单独页）\n# Home组件增加路由判断：更正导航栏的状态、条件显示底部栏\n\n```\n\n## 2018-01-16\n\n``` \n# 将写文章的顶部Header合并到BaseHeader中\n# 图片都放到了static目录下\n\n```\n\n## 2018-01-24\n\n``` \n# 将自定义的theme放到assets下\n# 加入axios\n# 加入vuex\n# 实现登录\n# 实现退出\n\n```\n\n## 2018-01-25\n\n``` \n# 实现注册逻辑\n# 写文章功能实现\n# 写文章时支持插入图片\n\n```\n## 2018-01-26\n\n``` \n# 引入lodash工具类\n# 优化写文章的工具栏：滚动时固定顶部\n# 写文章 后台获取文章分类和标签\n\n# 首页的文章列表\n\n```\n\n## 2018-01-27\n\n``` \n# 修改首页文章列表的样式\n# 首页加载文章功能\n# 文章查看功能\n# 文章分类和标签功能列表\n\n```\n\n## 2018-01-28\n\n``` \n# 文章分类和标签详情\n\n```\n\n## 2018-01-29\n\n``` \n# 文章分类和标签的文章数\n# 首页最热文章\n# 首页最新文章\n# 首页最热标签\n\n```\n## 2018-01-30\n\n``` \n# BaseHeader放回views中\n# 修改Axios后置拦截，全局处理错误\n# 将登录 退出 和头像 放到一起\n\n```', '<h2>2018-01-04</h2>\n<pre><code class=\"lang-\"># 使用vue的Webpack模板生成脚手架\n</code></pre>\n<h2>2018-01-05</h2>\n<pre><code class=\"lang-\"># 引入ElementUI\n\n# babel-plugin-component自定义主题\n# 首页\n# 登陆页\n# 注册页面\n# 日志页\n</code></pre>\n<h2>2018-01-07</h2>\n<pre><code class=\"lang-\"># 调整底部栏始终固定在底部\n# 日志页 添加时间轴\n# 首页的文章列表\n</code></pre>\n<h2>2018-01-08</h2>\n<pre><code class=\"lang-\"># 使用组件-博客作者tab页 \n# 添加第三方图标\n</code></pre>\n<h2>2018-01-09</h2>\n<pre><code class=\"lang-\"># 调整顶部导航栏：激活文字颜色，click点击\n# 组件-最新文章tab页\n\n# 最新文章、最热文章使用相同组件\n# 底部栏设计\n# 页面与两边边距改为100\n</code></pre>\n<h2>2018-01-10</h2>\n<pre><code class=\"lang-\"># 写博客 引入mavonEditor编辑器\n# 顶部导航栏都放入一个Menu中\n# 写文章页面\n#　mavonEditor局部引入\n\n#　页面的中间区域固定宽度，自动居中\n# 发布和取消\n# 发布dialog\n\n</code></pre>\n<h2>2018-01-11</h2>\n<pre><code class=\"lang-\"># 文章组件用守卫来改变body背景色\n# 调整登陆和注册页面，使其居中\n\n#子页面调整根元素为div\n#文章详情页\n\n</code></pre>\n<h2>2018-01-12</h2>\n<pre><code class=\"lang-\"># 文章详情页  内容  评论等\n\n</code></pre>\n<h2>2018-01-13</h2>\n<pre><code class=\"lang-\">## 重新调整页面结构	\n#顶部和底部 抽成  BaseHeader BaseFooter 组件\n#BlogView为单独页，以前是Home的子路由\n\n</code></pre>\n<h2>2018-01-15</h2>\n<pre><code class=\"lang-\"># 文章分类去掉子级\n# 将首页的文章列表抽成 ArticleItem组件\n# 增加文章的评论展示\n# 增加文章分类、标签页\n\n</code></pre>\n<h2>2018-01-15  2</h2>\n<pre><code class=\"lang-\"># 回到顶部去掉过渡动画（影响顶部导航栏）\n# 顶部导航栏 增加登录后菜单\n# 首页增加 最热标签\n# 增加 文章分类 标签的详情页\n# 将文章详情页、 文章分类标签页 改为Home的子路由（以前单独页）\n# Home组件增加路由判断：更正导航栏的状态、条件显示底部栏\n\n</code></pre>\n<h2>2018-01-16</h2>\n<pre><code class=\"lang-\"># 将写文章的顶部Header合并到BaseHeader中\n# 图片都放到了static目录下\n\n</code></pre>\n<h2>2018-01-24</h2>\n<pre><code class=\"lang-\"># 将自定义的theme放到assets下\n# 加入axios\n# 加入vuex\n# 实现登录\n# 实现退出\n\n</code></pre>\n<h2>2018-01-25</h2>\n<pre><code class=\"lang-\"># 实现注册逻辑\n# 写文章功能实现\n# 写文章时支持插入图片\n\n</code></pre>\n<h2>2018-01-26</h2>\n<pre><code class=\"lang-\"># 引入lodash工具类\n# 优化写文章的工具栏：滚动时固定顶部\n# 写文章 后台获取文章分类和标签\n\n# 首页的文章列表\n\n</code></pre>\n<h2>2018-01-27</h2>\n<pre><code class=\"lang-\"># 修改首页文章列表的样式\n# 首页加载文章功能\n# 文章查看功能\n# 文章分类和标签功能列表\n\n</code></pre>\n<h2>2018-01-28</h2>\n<pre><code class=\"lang-\"># 文章分类和标签详情\n\n</code></pre>\n<h2>2018-01-29</h2>\n<pre><code class=\"lang-\"># 文章分类和标签的文章数\n# 首页最热文章\n# 首页最新文章\n# 首页最热标签\n\n</code></pre>\n<h2>2018-01-30</h2>\n<pre><code class=\"lang-\"># BaseHeader放回views中\n# 修改Axios后置拦截，全局处理错误\n# 将登录 退出 和头像 放到一起\n\n</code></pre>\n', '18', '2', '0', 'Vue,JavaScript', '1', '2018-07-06 15:21:06', '2018-07-06 15:21:08');

-- ----------------------------
-- Table structure for vblog_article_tag
-- ----------------------------
DROP TABLE IF EXISTS `vblog_article_tag`;
CREATE TABLE `vblog_article_tag` (
  `id` bigint(20) NOT NULL AUTO_INCREMENT COMMENT '主键ID',
  `article_id` bigint(20) NOT NULL COMMENT '文章ID',
  `tag_id` int(11) NOT NULL COMMENT '标签ID',
  `create_time` datetime NOT NULL COMMENT '创建时间',
  `update_time` datetime NOT NULL COMMENT '更新时间',
  PRIMARY KEY (`id`),
  KEY `key_tagId` (`tag_id`),
  KEY `key_articleId` (`article_id`)
) ENGINE=InnoDB AUTO_INCREMENT=1009 DEFAULT CHARSET=utf8 COMMENT='文章标签表';

-- ----------------------------
-- Records of vblog_article_tag
-- ----------------------------
INSERT INTO `vblog_article_tag` VALUES ('999', '1', '7', '2018-07-06 18:50:23', '2018-07-06 18:50:26');
INSERT INTO `vblog_article_tag` VALUES ('1000', '1', '5', '2018-07-06 18:52:21', '2018-07-06 18:52:21');
INSERT INTO `vblog_article_tag` VALUES ('1001', '1', '6', '2018-07-06 18:52:21', '2018-07-06 18:52:21');
INSERT INTO `vblog_article_tag` VALUES ('1002', '1', '8', '2018-07-06 18:52:21', '2018-07-06 18:52:21');
INSERT INTO `vblog_article_tag` VALUES ('1003', '2', '5', '2018-07-06 18:53:55', '2018-07-06 18:53:55');
INSERT INTO `vblog_article_tag` VALUES ('1004', '2', '7', '2018-07-06 18:53:55', '2018-07-06 18:53:55');
INSERT INTO `vblog_article_tag` VALUES ('1005', '3', '6', '2018-07-06 18:54:22', '2018-07-06 18:54:22');
INSERT INTO `vblog_article_tag` VALUES ('1006', '3', '7', '2018-07-06 18:54:22', '2018-07-06 18:54:22');
INSERT INTO `vblog_article_tag` VALUES ('1007', '4', '6', '2018-07-06 18:54:57', '2018-07-06 18:54:57');
INSERT INTO `vblog_article_tag` VALUES ('1008', '4', '7', '2018-07-06 18:54:57', '2018-07-06 18:54:57');

-- ----------------------------
-- Table structure for vblog_category
-- ----------------------------
DROP TABLE IF EXISTS `vblog_category`;
CREATE TABLE `vblog_category` (
  `id` int(11) NOT NULL AUTO_INCREMENT COMMENT '主键ID',
  `category_name` varchar(64) DEFAULT NULL COMMENT '类别名字',
  `avatar` varchar(255) DEFAULT NULL COMMENT '类别图标',
  `description` varchar(255) DEFAULT NULL COMMENT '分类描述',
  `create_time` datetime NOT NULL COMMENT '创建时间',
  PRIMARY KEY (`id`)
) ENGINE=InnoDB AUTO_INCREMENT=100 DEFAULT CHARSET=utf8 COMMENT='文章类别表';

-- ----------------------------
-- Records of vblog_category
-- ----------------------------
INSERT INTO `vblog_category` VALUES ('1', '前端', '/category/front.png', null, '2018-07-06 14:50:52');
INSERT INTO `vblog_category` VALUES ('2', '后端', '/category/back.png', null, '2018-07-06 14:50:52');
INSERT INTO `vblog_category` VALUES ('3', '生活', '/category/lift.jpg', null, '2018-07-06 14:50:52');
INSERT INTO `vblog_category` VALUES ('4', '数据库', '/category/database.png', null, '2018-07-06 14:50:52');
INSERT INTO `vblog_category` VALUES ('5', '编程语言', '/category/language.png', null, '2018-07-06 14:50:52');

-- ----------------------------
-- Table structure for vblog_comment
-- ----------------------------
DROP TABLE IF EXISTS `vblog_comment`;
CREATE TABLE `vblog_comment` (
  `id` bigint(20) NOT NULL AUTO_INCREMENT COMMENT '主键ID',
  `user_id` bigint(20) DEFAULT NULL COMMENT '用户ID',
  `article_id` bigint(20) DEFAULT NULL COMMENT '文章ID',
  `content` varchar(255) DEFAULT NULL COMMENT '评论内容',
  `parent_id` bigint(20) DEFAULT NULL COMMENT '父评论Id',
  `to_uid` bigint(20) DEFAULT NULL COMMENT '评论的评论用户ID',
  `level_flag` varchar(10) DEFAULT NULL COMMENT '评论级别',
  `create_time` datetime NOT NULL COMMENT '创建时间',
  `update_time` datetime NOT NULL COMMENT '更新时间',
  PRIMARY KEY (`id`),
  KEY `key_articleId` (`article_id`),
  KEY `key_userId` (`user_id`),
  KEY `key_parentId` (`parent_id`),
  KEY `key_toUserId` (`to_uid`)
) ENGINE=InnoDB AUTO_INCREMENT=100 DEFAULT CHARSET=utf8 COMMENT='评论表';

-- ----------------------------
-- Records of vblog_comment
-- ----------------------------

-- ----------------------------
-- Table structure for vblog_log
-- ----------------------------
DROP TABLE IF EXISTS `vblog_log`;
CREATE TABLE `vblog_log` (
  `id` bigint(20) NOT NULL AUTO_INCREMENT COMMENT '主键ID',
  `create_time` datetime NOT NULL COMMENT '创建时间',
  `ip` varchar(15) DEFAULT NULL COMMENT '访问Ip',
  `module` varchar(10) DEFAULT NULL COMMENT '操作模块',
  `method` varchar(100) DEFAULT NULL COMMENT '访问方法',
  `params` varchar(255) DEFAULT NULL COMMENT '方法参数',
  `nickname` varchar(10) DEFAULT NULL COMMENT '操作人昵称',
  `operation` varchar(25) DEFAULT NULL COMMENT '操作事项',
  `time` bigint(20) DEFAULT NULL COMMENT '操作耗时',
  `user_id` bigint(20) DEFAULT NULL COMMENT '操作用户userId',
  PRIMARY KEY (`id`)
) ENGINE=InnoDB AUTO_INCREMENT=3110 DEFAULT CHARSET=utf8 COMMENT='用户操作日志表';

-- ----------------------------
-- Records of vblog_log
-- ----------------------------

-- ----------------------------
-- Table structure for vblog_tag
-- ----------------------------
DROP TABLE IF EXISTS `vblog_tag`;
CREATE TABLE `vblog_tag` (
  `id` int(11) NOT NULL AUTO_INCREMENT COMMENT '主键ID',
  `tag_name` varchar(64) DEFAULT NULL COMMENT '标签名字',
  `avatar` varchar(255) DEFAULT NULL COMMENT '标签图标',
  `create_time` datetime NOT NULL COMMENT '创建时间',
  PRIMARY KEY (`id`)
) ENGINE=InnoDB AUTO_INCREMENT=100 DEFAULT CHARSET=utf8 COMMENT='标签表';

-- ----------------------------
-- Records of vblog_tag
-- ----------------------------
INSERT INTO `vblog_tag` VALUES ('1', 'Java', '/tag/java.png', '2018-07-06 14:40:41');
INSERT INTO `vblog_tag` VALUES ('2', 'Spring', '/tag/spring.png', '2018-07-06 14:46:55');
INSERT INTO `vblog_tag` VALUES ('3', 'Hibernate', '/tag/hibernate.svg', '2018-07-06 14:46:55');
INSERT INTO `vblog_tag` VALUES ('4', 'Maven', '/tag/maven.png', '2018-07-06 14:46:55');
INSERT INTO `vblog_tag` VALUES ('5', 'Html', '/tag/html.png', '2018-07-06 14:46:55');
INSERT INTO `vblog_tag` VALUES ('6', 'JavaScript', '/tag/js.png', '2018-07-06 14:46:55');
INSERT INTO `vblog_tag` VALUES ('7', 'Vue', '/tag/vue.png', '2018-07-06 14:46:55');
INSERT INTO `vblog_tag` VALUES ('8', 'Css', '/tag/css.png', '2018-07-06 14:46:55');

-- ----------------------------
-- Table structure for vblog_user
-- ----------------------------
DROP TABLE IF EXISTS `vblog_user`;
CREATE TABLE `vblog_user` (
  `id` bigint(20) NOT NULL AUTO_INCREMENT COMMENT '主键ID',
  `account` varchar(64) DEFAULT NULL COMMENT '登录账号',
  `password` varchar(100) DEFAULT NULL COMMENT '密码',
  `salt` varchar(64) DEFAULT NULL COMMENT '盐',
  `email` varchar(128) DEFAULT NULL COMMENT '邮箱',
  `phone` varchar(20) DEFAULT NULL COMMENT '手机号',
  `last_login_time` datetime DEFAULT NULL COMMENT '上次登录时间',
  `nickname` varchar(64) DEFAULT NULL COMMENT '用户昵称',
  `avatar` varchar(255) DEFAULT NULL COMMENT '用户头像',
  `admin` tinyint(3) DEFAULT '0' COMMENT '是否admin，0不是，1是',
  `status` varchar(64) DEFAULT NULL COMMENT '用户状态',
  `create_time` datetime NOT NULL COMMENT '创建时间',
  `update_time` datetime NOT NULL COMMENT '更新时间',
  PRIMARY KEY (`id`),
  UNIQUE KEY `uk_account` (`account`),
  UNIQUE KEY `uk_email` (`email`)
) ENGINE=InnoDB AUTO_INCREMENT=1007 DEFAULT CHARSET=utf8 COMMENT='用户表';

-- ----------------------------
-- Records of vblog_user
-- ----------------------------
INSERT INTO `vblog_user` VALUES ('1000', 'liangfeihu', 'db51a589f5a613b9167fc3675173cd2168d15f1378dd2151a3ec74eaefb47790', 'FZlooHpZ', 'liangfhhd@163.com', '15214353029', '2018-07-06 10:47:38', '雪山飞狐', 'http://thirdwx.qlogo.cn/mmopen/dblNMLLBUzHePvsEX51jyM0hOsPT3Q1VDYibsc8Pjq9Z9TnOhu4bmPP9XxqcF7S6u35qyS5wHLCwsNeianHWerfaHOWzQRpY5Q/132', '1', 'normal', '2018-07-06 10:47:38', '2018-07-06 10:47:38');
INSERT INTO `vblog_user` VALUES ('1001', 'liangweijie', '33df963150e257efad0a5c7d9577705b9c1ad114137ff50809b631327a7d4036', 'IpXPpHFf', null, null, '2018-07-06 11:36:20', '梁伟杰', null, '1', 'normal', '2018-07-06 11:36:20', '2018-07-06 11:36:20');
INSERT INTO `vblog_user` VALUES ('1002', 'liangweijie2', 'eb05df2b71e3c371448180fa667de29641c80af7402eff6fa226d1829ceae008', 'kowccvio', null, null, '2018-07-06 11:36:59', '梁伟杰', null, '1', 'normal', '2018-07-06 11:36:59', '2018-07-06 11:36:59');
INSERT INTO `vblog_user` VALUES ('1003', 'liangweijie3', '1a65cb4d5440d7327faafbd63e969d492d17704b4bd737d728f7d29b81b18ef2', 'MvXx1As8', null, null, '2018-07-06 11:37:13', '梁伟杰', null, '1', 'normal', '2018-07-06 11:37:13', '2018-07-06 11:37:13');
INSERT INTO `vblog_user` VALUES ('1004', 'liangweijie6', 'ddbdf4948bfa247433c7bf8b1094f378c29ba2895a016d3357d031743e164144', 'FkFYReqB', null, null, '2018-07-06 11:37:26', '梁伟杰', null, '1', 'normal', '2018-07-06 11:37:26', '2018-07-06 11:37:26');
INSERT INTO `vblog_user` VALUES ('1005', 'liangweijie8', 'b4c0fcffe89309a76280129b8e5d1f49f8bc4cc2332df28bb9aaa0ab2972d8d1', 'Q0AYWBtk', null, null, '2018-07-06 11:37:43', '梁伟杰', null, '1', 'normal', '2018-07-06 11:37:43', '2018-07-06 11:37:43');
INSERT INTO `vblog_user` VALUES ('1006', 'liangweijie9', 'aa14adb91b6ec8b85ec7cd3341fa7fd7d7963c94135d74d1489ab98524ebf720', 'xFMTlILG', null, null, '2018-07-06 11:37:48', '梁伟杰', null, '1', 'normal', '2018-07-06 11:37:48', '2018-07-06 11:37:48');

-- ----------------------------
-- Table structure for vblog_user_token
-- ----------------------------
DROP TABLE IF EXISTS `vblog_user_token`;
CREATE TABLE `vblog_user_token` (
  `id` bigint(20) NOT NULL AUTO_INCREMENT COMMENT '主键ID',
  `user_id` bigint(20) NOT NULL COMMENT '用户ID',
  `token` varchar(100) NOT NULL COMMENT 'token',
  `expire_time` datetime DEFAULT NULL COMMENT '过期时间',
  `update_time` datetime DEFAULT NULL COMMENT '更新时间',
  `create_time` datetime NOT NULL COMMENT '创建时间',
  PRIMARY KEY (`id`),
  UNIQUE KEY `token` (`token`),
  KEY `key_userId` (`user_id`)
) ENGINE=InnoDB AUTO_INCREMENT=9 DEFAULT CHARSET=utf8 COMMENT='系统用户Token';

-- ----------------------------
-- Records of vblog_user_token
-- ----------------------------
INSERT INTO `vblog_user_token` VALUES ('1', '1000', 'b9e6817785cc6eabc0d3806bc91a4262', '2018-07-13 11:29:21', '2018-07-06 11:29:21', '2018-07-06 10:47:38');
INSERT INTO `vblog_user_token` VALUES ('3', '1001', 'a9807c3a32ba088038ac0c4cdf2c2d66', '2018-07-13 11:36:20', '2018-07-06 11:36:20', '2018-07-06 11:36:20');
INSERT INTO `vblog_user_token` VALUES ('4', '1002', 'c1cb7024d493792327d984de0eae07c1', '2018-07-13 11:37:00', '2018-07-06 11:37:00', '2018-07-06 11:37:00');
INSERT INTO `vblog_user_token` VALUES ('5', '1003', '7b9ee4f664870b53baef26d8960889f2', '2018-07-13 11:37:13', '2018-07-06 11:37:13', '2018-07-06 11:37:13');
INSERT INTO `vblog_user_token` VALUES ('6', '1004', 'ada84922a6dbd4d06343cf7794315dfd', '2018-07-13 11:37:26', '2018-07-06 11:37:26', '2018-07-06 11:37:26');
INSERT INTO `vblog_user_token` VALUES ('7', '1005', 'd18a7074c5e17f4aee924d84163c1132', '2018-07-13 11:37:43', '2018-07-06 11:37:43', '2018-07-06 11:37:43');
INSERT INTO `vblog_user_token` VALUES ('8', '1006', '8b1b2353568b3f005b9f2bd7b6cda794', '2018-07-13 11:37:48', '2018-07-06 11:37:48', '2018-07-06 11:37:48');
